-- Ø¥Ù†Ø´Ø§Ø¡ Ø¬Ø¯Ø§ÙˆÙ„ Ù‚Ø§Ø¹Ø¯Ø© Ø§Ù„Ø¨ÙŠØ§Ù†Ø§Øª

-- Ø¬Ø¯ÙˆÙ„ Ø§Ù„Ø¹Ù…Ù„Ø§Ø¡
CREATE TABLE IF NOT EXISTS clients (
    id UUID DEFAULT gen_random_uuid() PRIMARY KEY,
    email VARCHAR(255) UNIQUE NOT NULL,
    full_name VARCHAR(255) NOT NULL,
    phone VARCHAR(20),
    company_name VARCHAR(255),
    avatar_url TEXT,
    is_verified BOOLEAN DEFAULT false,
    created_at TIMESTAMP WITH TIME ZONE DEFAULT NOW(),
    updated_at TIMESTAMP WITH TIME ZONE DEFAULT NOW()
);

-- Ø¬Ø¯ÙˆÙ„ Ø§Ù„ÙØ±ÙŠÙ„Ø§Ù†Ø³Ø±Ø²
CREATE TABLE IF NOT EXISTS freelancers (
    id UUID DEFAULT gen_random_uuid() PRIMARY KEY,
    full_name VARCHAR(255) NOT NULL,
    email VARCHAR(255) UNIQUE NOT NULL,
    phone VARCHAR(20),
    avatar_url TEXT,
    title VARCHAR(255) NOT NULL,
    bio TEXT,
    hourly_rate DECIMAL(10,2),
    experience_years INTEGER DEFAULT 0,
    rating DECIMAL(3,2) DEFAULT 0.0,
    total_projects INTEGER DEFAULT 0,
    total_earnings DECIMAL(12,2) DEFAULT 0.0,
    is_available BOOLEAN DEFAULT true,
    is_verified BOOLEAN DEFAULT false,
    location VARCHAR(255),
    languages TEXT[], -- Ù…ØµÙÙˆÙØ© Ø§Ù„Ù„ØºØ§Øª
    created_at TIMESTAMP WITH TIME ZONE DEFAULT NOW(),
    updated_at TIMESTAMP WITH TIME ZONE DEFAULT NOW()
);

-- Ø¬Ø¯ÙˆÙ„ Ø§Ù„Ù…Ù‡Ø§Ø±Ø§Øª
CREATE TABLE IF NOT EXISTS skills (
    id UUID DEFAULT gen_random_uuid() PRIMARY KEY,
    name VARCHAR(100) UNIQUE NOT NULL,
    category VARCHAR(100) NOT NULL,
    created_at TIMESTAMP WITH TIME ZONE DEFAULT NOW()
);

-- Ø¬Ø¯ÙˆÙ„ Ù…Ù‡Ø§Ø±Ø§Øª Ø§Ù„ÙØ±ÙŠÙ„Ø§Ù†Ø³Ø±Ø²
CREATE TABLE IF NOT EXISTS freelancer_skills (
    id UUID DEFAULT gen_random_uuid() PRIMARY KEY,
    freelancer_id UUID REFERENCES freelancers(id) ON DELETE CASCADE,
    skill_id UUID REFERENCES skills(id) ON DELETE CASCADE,
    proficiency_level VARCHAR(20) DEFAULT 'intermediate', -- beginner, intermediate, advanced, expert
    created_at TIMESTAMP WITH TIME ZONE DEFAULT NOW(),
    UNIQUE(freelancer_id, skill_id)
);

-- Ø¬Ø¯ÙˆÙ„ Ø§Ù„ØªØµÙ†ÙŠÙØ§Øª
CREATE TABLE IF NOT EXISTS categories (
    id UUID DEFAULT gen_random_uuid() PRIMARY KEY,
    name VARCHAR(100) UNIQUE NOT NULL,
    description TEXT,
    icon VARCHAR(50),
    color VARCHAR(50),
    is_active BOOLEAN DEFAULT true,
    created_at TIMESTAMP WITH TIME ZONE DEFAULT NOW()
);

-- Ø¬Ø¯ÙˆÙ„ Ø§Ù„Ø®Ø¯Ù…Ø§Øª
CREATE TABLE IF NOT EXISTS services (
    id UUID DEFAULT gen_random_uuid() PRIMARY KEY,
    title VARCHAR(255) NOT NULL,
    description TEXT NOT NULL,
    category_id UUID REFERENCES categories(id),
    min_price DECIMAL(10,2) NOT NULL,
    max_price DECIMAL(10,2) NOT NULL,
    delivery_time_days INTEGER NOT NULL,
    features TEXT[] NOT NULL,
    requirements TEXT[],
    is_active BOOLEAN DEFAULT true,
    created_at TIMESTAMP WITH TIME ZONE DEFAULT NOW(),
    updated_at TIMESTAMP WITH TIME ZONE DEFAULT NOW()
);

-- Ø¬Ø¯ÙˆÙ„ Ø·Ù„Ø¨Ø§Øª Ø§Ù„Ø¹Ù…Ù„Ø§Ø¡
CREATE TABLE IF NOT EXISTS client_requests (
    id UUID DEFAULT gen_random_uuid() PRIMARY KEY,
    client_id UUID REFERENCES clients(id) ON DELETE CASCADE,
    service_id UUID REFERENCES services(id),
    title VARCHAR(255) NOT NULL,
    description TEXT NOT NULL,
    budget_min DECIMAL(10,2),
    budget_max DECIMAL(10,2),
    deadline DATE,
    priority VARCHAR(20) DEFAULT 'medium', -- low, medium, high, urgent
    status VARCHAR(20) DEFAULT 'pending', -- pending, assigned, in_progress, completed, cancelled
    requirements TEXT[],
    attachments TEXT[],
    created_at TIMESTAMP WITH TIME ZONE DEFAULT NOW(),
    updated_at TIMESTAMP WITH TIME ZONE DEFAULT NOW()
);

-- Ø¬Ø¯ÙˆÙ„ ØªØ¹ÙŠÙŠÙ† Ø§Ù„ÙØ±ÙŠÙ„Ø§Ù†Ø³Ø±Ø²
CREATE TABLE IF NOT EXISTS freelancer_assignments (
    id UUID DEFAULT gen_random_uuid() PRIMARY KEY,
    request_id UUID REFERENCES client_requests(id) ON DELETE CASCADE,
    freelancer_id UUID REFERENCES freelancers(id) ON DELETE CASCADE,
    assigned_by VARCHAR(50) DEFAULT 'system', -- system, admin
    assigned_at TIMESTAMP WITH TIME ZONE DEFAULT NOW(),
    status VARCHAR(20) DEFAULT 'assigned', -- assigned, accepted, rejected, completed
    estimated_completion DATE,
    actual_completion DATE,
    notes TEXT,
    UNIQUE(request_id, freelancer_id)
);

-- Ø¬Ø¯ÙˆÙ„ Ø§Ù„Ù…Ø´Ø§Ø±ÙŠØ¹
CREATE TABLE IF NOT EXISTS projects (
    id UUID DEFAULT gen_random_uuid() PRIMARY KEY,
    assignment_id UUID REFERENCES freelancer_assignments(id) ON DELETE CASCADE,
    client_id UUID REFERENCES clients(id),
    freelancer_id UUID REFERENCES freelancers(id),
    title VARCHAR(255) NOT NULL,
    description TEXT,
    agreed_price DECIMAL(10,2) NOT NULL,
    status VARCHAR(20) DEFAULT 'active', -- active, completed, cancelled, disputed
    progress_percentage INTEGER DEFAULT 0,
    start_date DATE DEFAULT CURRENT_DATE,
    deadline DATE,
    completion_date DATE,
    client_rating INTEGER CHECK (client_rating >= 1 AND client_rating <= 5),
    client_feedback TEXT,
    created_at TIMESTAMP WITH TIME ZONE DEFAULT NOW(),
    updated_at TIMESTAMP WITH TIME ZONE DEFAULT NOW()
);

-- Ø¬Ø¯ÙˆÙ„ Ø§Ù„Ø±Ø³Ø§Ø¦Ù„
CREATE TABLE IF NOT EXISTS messages (
    id UUID DEFAULT gen_random_uuid() PRIMARY KEY,
    project_id UUID REFERENCES projects(id) ON DELETE CASCADE,
    sender_id UUID NOT NULL, -- ÙŠÙ…ÙƒÙ† Ø£Ù† ÙŠÙƒÙˆÙ† Ø¹Ù…ÙŠÙ„ Ø£Ùˆ ÙØ±ÙŠÙ„Ø§Ù†Ø³Ø±
    sender_type VARCHAR(20) NOT NULL, -- 'client' Ø£Ùˆ 'freelancer'
    message TEXT NOT NULL,
    attachments TEXT[],
    is_read BOOLEAN DEFAULT false,
    created_at TIMESTAMP WITH TIME ZONE DEFAULT NOW()
);

-- Ø¬Ø¯ÙˆÙ„ Ø§Ù„Ù…Ø¯ÙÙˆØ¹Ø§Øª
CREATE TABLE IF NOT EXISTS payments (
    id UUID DEFAULT gen_random_uuid() PRIMARY KEY,
    project_id UUID REFERENCES projects(id) ON DELETE CASCADE,
    client_id UUID REFERENCES clients(id),
    freelancer_id UUID REFERENCES freelancers(id),
    amount DECIMAL(10,2) NOT NULL,
    platform_fee DECIMAL(10,2) NOT NULL,
    freelancer_amount DECIMAL(10,2) NOT NULL,
    status VARCHAR(20) DEFAULT 'pending', -- pending, completed, failed, refunded
    payment_method VARCHAR(50),
    transaction_id VARCHAR(255),
    paid_at TIMESTAMP WITH TIME ZONE,
    created_at TIMESTAMP WITH TIME ZONE DEFAULT NOW()
);

-- Ø¬Ø¯ÙˆÙ„ Ø§Ù„ØªÙ‚ÙŠÙŠÙ…Ø§Øª
CREATE TABLE IF NOT EXISTS reviews (
    id UUID DEFAULT gen_random_uuid() PRIMARY KEY,
    project_id UUID REFERENCES projects(id) ON DELETE CASCADE,
    client_id UUID REFERENCES clients(id),
    freelancer_id UUID REFERENCES freelancers(id),
    rating INTEGER NOT NULL CHECK (rating >= 1 AND rating <= 5),
    comment TEXT,
    is_public BOOLEAN DEFAULT true,
    created_at TIMESTAMP WITH TIME ZONE DEFAULT NOW()
);

-- Ø¥Ù†Ø´Ø§Ø¡ Ø§Ù„ÙÙ‡Ø§Ø±Ø³ Ù„ØªØ­Ø³ÙŠÙ† Ø§Ù„Ø£Ø¯Ø§Ø¡
CREATE INDEX IF NOT EXISTS idx_freelancers_rating ON freelancers(rating DESC);
CREATE INDEX IF NOT EXISTS idx_freelancers_available ON freelancers(is_available) WHERE is_available = true;
CREATE INDEX IF NOT EXISTS idx_client_requests_status ON client_requests(status);
CREATE INDEX IF NOT EXISTS idx_client_requests_created ON client_requests(created_at DESC);
CREATE INDEX IF NOT EXISTS idx_projects_status ON projects(status);
CREATE INDEX IF NOT EXISTS idx_messages_project ON messages(project_id, created_at DESC);
CREATE INDEX IF NOT EXISTS idx_freelancer_skills_freelancer ON freelancer_skills(freelancer_id);

-- Ø¥Ø¯Ø±Ø§Ø¬ Ø¨ÙŠØ§Ù†Ø§Øª Ø£ÙˆÙ„ÙŠØ© Ù„Ù„ØªØµÙ†ÙŠÙØ§Øª
INSERT INTO categories (name, description, icon, color) VALUES
('ØªØµÙ…ÙŠÙ… Ø¬Ø±Ø§ÙÙŠÙƒ', 'ØªØµÙ…ÙŠÙ… Ø§Ù„Ø´Ø¹Ø§Ø±Ø§Øª ÙˆØ§Ù„Ù‡ÙˆÙŠØ§Øª Ø§Ù„Ø¨ØµØ±ÙŠØ©', 'ðŸŽ¨', 'from-purple-500 to-pink-500'),
('Ø¨Ø±Ù…Ø¬Ø© ÙˆØªØ·ÙˆÙŠØ±', 'ØªØ·ÙˆÙŠØ± Ø§Ù„Ù…ÙˆØ§Ù‚Ø¹ ÙˆØ§Ù„ØªØ·Ø¨ÙŠÙ‚Ø§Øª', 'ðŸ’»', 'from-blue-500 to-cyan-500'),
('ØªØ³ÙˆÙŠÙ‚ Ø±Ù‚Ù…ÙŠ', 'Ø¥Ø¯Ø§Ø±Ø© ÙˆØ³Ø§Ø¦Ù„ Ø§Ù„ØªÙˆØ§ØµÙ„ ÙˆØ§Ù„Ø­Ù…Ù„Ø§Øª Ø§Ù„Ø¥Ø¹Ù„Ø§Ù†ÙŠØ©', 'ðŸ“ˆ', 'from-green-500 to-emerald-500'),
('ÙƒØªØ§Ø¨Ø© ÙˆØªØ±Ø¬Ù…Ø©', 'ÙƒØªØ§Ø¨Ø© Ø§Ù„Ù…Ø­ØªÙˆÙ‰ ÙˆØ§Ù„ØªØ±Ø¬Ù…Ø©', 'âœï¸', 'from-orange-500 to-red-500'),
('ØªØµÙˆÙŠØ±', 'ØªØµÙˆÙŠØ± Ø§Ù„Ù…Ù†ØªØ¬Ø§Øª ÙˆØ§Ù„ÙØ¹Ø§Ù„ÙŠØ§Øª', 'ðŸ“¸', 'from-indigo-500 to-purple-500'),
('Ø§Ø³ØªØ´Ø§Ø±Ø§Øª', 'Ø§Ù„Ø§Ø³ØªØ´Ø§Ø±Ø§Øª Ø§Ù„ØªØ¬Ø§Ø±ÙŠØ© ÙˆØ§Ù„ØªÙ‚Ù†ÙŠØ©', 'ðŸ’¡', 'from-yellow-500 to-orange-500')
ON CONFLICT (name) DO NOTHING;

-- Ø¥Ø¯Ø±Ø§Ø¬ Ù…Ù‡Ø§Ø±Ø§Øª Ø£ÙˆÙ„ÙŠØ©
INSERT INTO skills (name, category) VALUES
('ØªØµÙ…ÙŠÙ… Ø§Ù„Ø´Ø¹Ø§Ø±Ø§Øª', 'ØªØµÙ…ÙŠÙ… Ø¬Ø±Ø§ÙÙŠÙƒ'),
('ÙÙˆØªÙˆØ´ÙˆØ¨', 'ØªØµÙ…ÙŠÙ… Ø¬Ø±Ø§ÙÙŠÙƒ'),
('Ø¥Ù„ÙŠØ³ØªØ±ÙŠØªÙˆØ±', 'ØªØµÙ…ÙŠÙ… Ø¬Ø±Ø§ÙÙŠÙƒ'),
('React', 'Ø¨Ø±Ù…Ø¬Ø© ÙˆØªØ·ÙˆÙŠØ±'),
('Next.js', 'Ø¨Ø±Ù…Ø¬Ø© ÙˆØªØ·ÙˆÙŠØ±'),
('Node.js', 'Ø¨Ø±Ù…Ø¬Ø© ÙˆØªØ·ÙˆÙŠØ±'),
('Python', 'Ø¨Ø±Ù…Ø¬Ø© ÙˆØªØ·ÙˆÙŠØ±'),
('Ø¥Ø¯Ø§Ø±Ø© ÙˆØ³Ø§Ø¦Ù„ Ø§Ù„ØªÙˆØ§ØµÙ„', 'ØªØ³ÙˆÙŠÙ‚ Ø±Ù‚Ù…ÙŠ'),
('Google Ads', 'ØªØ³ÙˆÙŠÙ‚ Ø±Ù‚Ù…ÙŠ'),
('SEO', 'ØªØ³ÙˆÙŠÙ‚ Ø±Ù‚Ù…ÙŠ'),
('ÙƒØªØ§Ø¨Ø© Ø§Ù„Ù…Ø­ØªÙˆÙ‰', 'ÙƒØªØ§Ø¨Ø© ÙˆØªØ±Ø¬Ù…Ø©'),
('Ø§Ù„ØªØ±Ø¬Ù…Ø©', 'ÙƒØªØ§Ø¨Ø© ÙˆØªØ±Ø¬Ù…Ø©'),
('ØªØµÙˆÙŠØ± Ø§Ù„Ù…Ù†ØªØ¬Ø§Øª', 'ØªØµÙˆÙŠØ±'),
('Ø§Ù„Ø§Ø³ØªØ´Ø§Ø±Ø§Øª Ø§Ù„ØªØ¬Ø§Ø±ÙŠØ©', 'Ø§Ø³ØªØ´Ø§Ø±Ø§Øª')
ON CONFLICT (name) DO NOTHING;

-- Ø¥Ø¯Ø±Ø§Ø¬ Ø®Ø¯Ù…Ø§Øª Ø£ÙˆÙ„ÙŠØ©
INSERT INTO services (title, description, category_id, min_price, max_price, delivery_time_days, features, requirements) VALUES
(
    'ØªØµÙ…ÙŠÙ… Ù„ÙˆØ¬Ùˆ Ø§Ø­ØªØ±Ø§ÙÙŠ',
    'ØªØµÙ…ÙŠÙ… Ø´Ø¹Ø§Ø± Ù…Ù…ÙŠØ² ÙŠØ¹ÙƒØ³ Ù‡ÙˆÙŠØ© Ø¹Ù„Ø§Ù…ØªÙƒ Ø§Ù„ØªØ¬Ø§Ø±ÙŠØ© Ù…Ø¹ 3 Ù…ÙØ§Ù‡ÙŠÙ… Ù…Ø®ØªÙ„ÙØ©',
    (SELECT id FROM categories WHERE name = 'ØªØµÙ…ÙŠÙ… Ø¬Ø±Ø§ÙÙŠÙƒ'),
    25, 100, 3,
    ARRAY['3 Ù…ÙØ§Ù‡ÙŠÙ… ØªØµÙ…ÙŠÙ…', 'Ù…Ø±Ø§Ø¬Ø¹Ø§Øª ØºÙŠØ± Ù…Ø­Ø¯ÙˆØ¯Ø©', 'Ù…Ù„ÙØ§Øª Ø¹Ø§Ù„ÙŠØ© Ø§Ù„Ø¬ÙˆØ¯Ø©', 'Ø¯Ù„ÙŠÙ„ Ø§Ù„Ø§Ø³ØªØ®Ø¯Ø§Ù…'],
    ARRAY['ÙˆØµÙ Ù…ÙØµÙ„ Ù„Ù„Ù…Ø´Ø±ÙˆØ¹', 'Ø§Ù„Ø£Ù„ÙˆØ§Ù† Ø§Ù„Ù…ÙØ¶Ù„Ø©', 'Ø£Ù…Ø«Ù„Ø© Ù…Ù„Ù‡Ù…Ø©']
),
(
    'ØªØ·ÙˆÙŠØ± Ù…ÙˆÙ‚Ø¹ ÙˆÙŠØ¨ Ù…ØªØ¬Ø§ÙˆØ¨',
    'Ù…ÙˆÙ‚Ø¹ ÙˆÙŠØ¨ Ù…ØªØ¬Ø§ÙˆØ¨ ÙˆØ³Ø±ÙŠØ¹ Ø¨Ø§Ø³ØªØ®Ø¯Ø§Ù… Ø£Ø­Ø¯Ø« Ø§Ù„ØªÙ‚Ù†ÙŠØ§Øª Ù…Ø¹ Ù„ÙˆØ­Ø© Ø¥Ø¯Ø§Ø±Ø©',
    (SELECT id FROM categories WHERE name = 'Ø¨Ø±Ù…Ø¬Ø© ÙˆØªØ·ÙˆÙŠØ±'),
    150, 500, 14,
    ARRAY['ØªØµÙ…ÙŠÙ… Ù…ØªØ¬Ø§ÙˆØ¨', 'ØªØ­Ø³ÙŠÙ† Ù…Ø­Ø±ÙƒØ§Øª Ø§Ù„Ø¨Ø­Ø«', 'Ù„ÙˆØ­Ø© Ø¥Ø¯Ø§Ø±Ø©', 'Ø§Ø³ØªØ¶Ø§ÙØ© Ù…Ø¬Ø§Ù†ÙŠØ© Ù„Ø³Ù†Ø©'],
    ARRAY['Ù…ØªØ·Ù„Ø¨Ø§Øª Ø§Ù„Ù…ÙˆÙ‚Ø¹', 'Ø§Ù„ØªØµÙ…ÙŠÙ… Ø§Ù„Ù…Ø·Ù„ÙˆØ¨', 'Ø§Ù„ÙˆØ¸Ø§Ø¦Ù Ø§Ù„Ù…Ø·Ù„ÙˆØ¨Ø©']
),
(
    'Ø¥Ø¯Ø§Ø±Ø© Ø­Ø³Ø§Ø¨Ø§Øª Ø§Ù„ØªÙˆØ§ØµÙ„ Ø§Ù„Ø§Ø¬ØªÙ…Ø§Ø¹ÙŠ',
    'Ø¥Ø¯Ø§Ø±Ø© Ø´Ø§Ù…Ù„Ø© Ù„Ø­Ø³Ø§Ø¨Ø§ØªÙƒ Ø¹Ù„Ù‰ ÙˆØ³Ø§Ø¦Ù„ Ø§Ù„ØªÙˆØ§ØµÙ„ Ù…Ø¹ ØªØµÙ…ÙŠÙ… Ø§Ù„Ù…Ø­ØªÙˆÙ‰',
    (SELECT id FROM categories WHERE name = 'ØªØ³ÙˆÙŠÙ‚ Ø±Ù‚Ù…ÙŠ'),
    75, 200, 30,
    ARRAY['30 Ù…Ù†Ø´ÙˆØ± Ø´Ù‡Ø±ÙŠØ§Ù‹', 'ØªØµÙ…ÙŠÙ… Ø§Ù„Ù…Ø­ØªÙˆÙ‰', 'ØªØ­Ù„ÙŠÙ„ Ø§Ù„Ø£Ø¯Ø§Ø¡', 'Ø±Ø¯ Ø¹Ù„Ù‰ Ø§Ù„ØªØ¹Ù„ÙŠÙ‚Ø§Øª'],
    ARRAY['Ù…Ø¹Ù„ÙˆÙ…Ø§Øª Ø§Ù„Ø´Ø±ÙƒØ©', 'Ø§Ù„Ø¬Ù…Ù‡ÙˆØ± Ø§Ù„Ù…Ø³ØªÙ‡Ø¯Ù', 'Ø£Ù‡Ø¯Ø§Ù Ø§Ù„ØªØ³ÙˆÙŠÙ‚']
)
ON CONFLICT DO NOTHING;
